"id","0","11","13","14","5","2","3"
"## AmongUsModManager Strings"
"## Language IDs: 0=English, 11=Japanese, 13=SChinese, 14=TChinese, 5=Russian, 2=PT-BR, 3=PT"

"# ナビゲーション"
"Nav_Home","Home","ホーム","主页","首頁","Главная","Início","Início"
"Nav_Library","Library","ライブラリ","库","庫","Библиотека","Biblioteca","Biblioteca"
"Nav_Settings","Settings","設定","设置","設置","Настройки","Configurações","Configurações"
"Nav_About","About","このアプリについて","关于","關於","О приложении","Sobre","Sobre"
"Nav_Information","Information","お知らせ","信息","資訊","Информация","Informações","Informações"
"Nav_Notification","Notifications","通知","通知","通知","Уведомления","Notificações","Notificações"
"Nav_Friend","Friends","フレンド","好友","朋友","Друзья","Amigos","Amigos"
"Nav_Stats","Stats","成績","统计","統計","Статистика","Estatísticas","Estatísticas"
"Nav_Screenshot","Screenshots","スクリーンショット","截图","截圖","Скриншоты","Capturas","Capturas"
"Nav_Log","Log","ログ","日志","日誌","Журнал","Log","Log"
"Nav_Account","Account","アカウント","账户","帳戶","Аккаунт","Conta","Conta"
"Nav_Contact","Contact","お問い合わせ","联系","聯絡","Контакт","Contato","Contato"
"Nav_DataManagement","Data Management","データ管理","数据管理","資料管理","Управление данными","Gerenciamento de dados","Gerenciamento de dados"
"Nav_Debug","Debug Console","デバッグコンソール","调试控制台","除錯控制台","Консоль отладки","Console de debug","Console de debug"
"Nav_ChatBot","AI Assistant","AI アシスタント","AI助手","AI助手","ИИ-ассистент","Assistente AI","Assistente AI"
"Nav_ModInstall","Mod Install","Mod インストール","Mod安装","Mod 安裝","Установка Mod","Instalar Mod","Instalar Mod"
"Nav_Version","Version","バージョン","版本","版本","Версия","Versão","Versão"
"Nav_ConflictCheck","Conflict Check","競合チェック","冲突检查","衝突檢查","Проверка конфликтов","Verificação de conflitos","Verificação de conflitos"

"# セットアップページ"
"Setup_Welcome","Welcome to AmongUsModManager","AmongUsModManager へようこそ","欢迎使用 AmongUsModManager","歡迎使用 AmongUsModManager","Добро пожаловать в AmongUsModManager","Bem-vindo ao AmongUsModManager","Bem-vindo ao AmongUsModManager"
"Setup_Subtitle","First, specify the Among Us installation folder.","はじめに Among Us のインストールフォルダを指定してください","请先指定 Among Us 的安装文件夹","請先指定 Among Us 的安裝資料夾","Сначала укажите папку установки Among Us.","Primeiro, especifique a pasta de instalação do Among Us.","Primeiro, especifique a pasta de instalação."
"Setup_LangStep","① Select Language / 言語を選択","① 言語を選択 / Select Language","① 选择语言","① 選擇語言","① Выберите язык","① Selecionar idioma","① Selecionar idioma"
"Setup_PlatformStep","② Select your platform","② 購入・プレイしたプラットフォームを選択","② 选择您的平台","② 選擇您的平台","② Выберите платформу","② Selecione sua plataforma","② Selecione sua plataforma"
"Setup_FolderStep","③ Specify the Among Us installation folder","③ Among Us のインストールフォルダを指定","③ 指定 Among Us 安装文件夹","③ 指定 Among Us 安裝資料夾","③ Укажите папку установки Among Us","③ Especifique a pasta de instalação do Among Us","③ Especifique a pasta de instalação"
"Setup_SelectPlatform","Select a platform","プラットフォームを選択してください","请选择平台","請選擇平台","Выберите платформу","Selecione uma plataforma","Selecione uma plataforma"
"Setup_ManualFolder","Specify folder manually","手動でフォルダを指定","手动指定文件夹","手動指定資料夾","Указать папку вручную","Especificar pasta manualmente","Especificar pasta manualmente"
"Setup_AutoDetect","🔍 Auto-detect","🔍 自動検出","🔍 自动检测","🔍 自動偵測","🔍 Автоопределение","🔍 Detectar automaticamente","🔍 Detectar automaticamente"
"Setup_Browse","Browse...","参照...","浏览...","瀏覽...","Обзор...","Procurar...","Procurar..."
"Setup_PathPlaceholder","Folder path will appear here","フォルダのパスがここに表示されます","文件夹路径将显示在这里","資料夾路徑將顯示在此","Путь к папке появится здесь","O caminho da pasta aparecerá aqui","O caminho da pasta aparecerá aqui"
"Setup_EpicLoginStep","④ Login to Epic Games Account","④ Epic Games アカウントにログイン","④ 登录 Epic Games 帐户","④ 登入 Epic Games 帳戶","④ Войти в аккаунт Epic Games","④ Entrar na conta Epic Games","④ Entrar na conta Epic Games"
"Setup_EpicLoginDesc","Logging in allows you to launch without the launcher. Can be skipped for offline mod play.","ログインしておくと Epic Games Launcher なしで直接起動できます。オフラインでMod専用プレイのみなら省略できます。","登录后可以直接启动，无需 Epic Games Launcher。仅离线 Mod 游玩可跳过。","登入後可直接啟動，無需 Epic Games Launcher。僅離線 Mod 遊玩可略過。","Войдите, чтобы запускать без лаунчера. Можно пропустить для оффлайн-модов.","Fazer login permite iniciar sem o launcher. Pode ser pulado para jogar mods offline.","Fazer login permite iniciar sem o launcher."
"Setup_GitHubStep","⑤ Link GitHub account (optional)","④ GitHub アカウントと連携（省略可）","⑤ 关联 GitHub 账户（可选）","⑤ 連結 GitHub 帳戶（可省略）","⑤ Связать аккаунт GitHub (необяз.)","⑤ Vincular conta GitHub (opcional)","⑤ Vincular conta GitHub (opcional)"
"Setup_GitHubDesc","Linking allows auto-checking for mod updates and one-click updates.","連携するとModの最新バージョンを自動チェックしてワンクリックで更新できます。","关联后可自动检查 Mod 更新并一键更新。","連結後可自動檢查 Mod 更新並一鍵更新。","Привязка позволяет автоматически проверять обновления модов.","Vincular permite verificar automaticamente atualizações de mods.","Vincular permite verificar atualizações de mods."
"Setup_NotLinked","Not linked (optional)","未連携（省略可）","未关联（可选）","未連結（可省略）","Не привязан (необяз.)","Não vinculado (opcional)","Não vinculado (opcional)"
"Setup_Finish","Setup complete","セットアップ完了","设置完成","設定完成","Настройка завершена","Configuração concluída","Configuração concluída"
"Setup_NotFound","Among Us was not found","Among Us が見つかりませんでした","找不到 Among Us","找不到 Among Us","Among Us не найден","Among Us não foi encontrado","Among Us não foi encontrado"
"Setup_NotFoundDesc","Please check the installation path. You can also specify the folder containing Among Us.exe directly via 'Browse...'.","インストール先が正しいか確認してください。Among Us.exe が含まれているフォルダを「参照...」から直接指定することもできます。","请确认安装路径是否正确。也可以通过"浏览..."直接指定包含 Among Us.exe 的文件夹。","請確認安裝路徑是否正確。也可透過「瀏覽...」直接指定包含 Among Us.exe 的資料夾。","Проверьте правильность пути установки. Можно указать папку с Among Us.exe через «Обзор...».","Verifique se o caminho de instalação está correto.","Verifique se o caminho de instalação está correto."
"Setup_GetOnSteam","Get on Steam","Steam で入手","在 Steam 获取","在 Steam 取得","Получить в Steam","Obter no Steam","Obter no Steam"
"Setup_GetOnEpic","Get on Epic Games","Epic Games で入手","在 Epic 获取","在 Epic 取得","Получить в Epic","Obter na Epic","Obter na Epic"
"Setup_GetOnItch","Get on itch.io","itch.io で入手","在 itch.io 获取","在 itch.io 取得","Получить на itch.io","Obter na itch.io","Obter na itch.io"
"Setup_FolderNotFound","Folder not found","フォルダが見つからない・エラーが出る場合","文件夹未找到或出现错误","資料夾未找到或發生錯誤","Папка не найдена / Ошибка","Pasta não encontrada / Erro","Pasta não encontrada"
"Setup_FolderNotFoundDesc","Specify the folder directly via 'Browse...' or contact us on Discord.","「参照...」でフォルダを直接指定するか、Discord でお問い合わせください。","请通过"浏览..."直接指定文件夹，或在 Discord 联系我们。","請透過「瀏覽...」直接指定資料夾，或在 Discord 聯絡我們。","Укажите папку через «Обзор...» или обратитесь к нам в Discord.","Especifique a pasta via 'Procurar...' ou entre em contato pelo Discord.","Especifique a pasta ou entre em contato."
"Setup_DiscordSupport","Discord support","Discord サポート","Discord 支持","Discord 支援","Поддержка Discord","Suporte no Discord","Suporte no Discord"
"Setup_ExistingModsFound","Installed mods found","インストール済みModが見つかりました","发现已安装的 Mod","發現已安裝的 Mod","Найдены установленные моды","Mods instalados encontrados","Mods instalados encontrados"
"Setup_RegisterExisting","✅ Register","✅ 登録する","✅ 注册","✅ 登錄","✅ Зарегистрировать","✅ Registrar","✅ Registrar"
"Setup_Skip","Skip","スキップ","跳过","略過","Пропустить","Pular","Pular"
"Setup_EpicLogin","🔑 Login to Epic Games","🔑 Epic Games にログイン","🔑 登录 Epic Games","🔑 登入 Epic Games","🔑 Войти в Epic Games","🔑 Entrar na Epic Games","🔑 Entrar na Epic Games"
"Setup_GitHubLogin","🐙 Login to GitHub","🐙 GitHub にログイン","🐙 登录 GitHub","🐙 登入 GitHub","🐙 Войти в GitHub","🐙 Entrar no GitHub","🐙 Entrar no GitHub"
"Setup_Cancel","Cancel","キャンセル","取消","取消","Отмена","Cancelar","Cancelar"
"Setup_AuthWaiting","Waiting for authentication...","認証を待っています...","等待认证...","等待認證...","Ожидание аутентификации...","Aguardando autenticação...","Aguardando autenticação..."
"Setup_CopyCode","📋 Copy","📋 コピー","📋 复制","📋 複製","📋 Копировать","📋 Copiar","📋 Copiar"
"Setup_Copied","✅ Copied","✅ コピー済み","✅ 已复制","✅ 已複製","✅ Скопировано","✅ Copiado","✅ Copiado"
"Setup_OpenGitHub","🌐 Open GitHub in browser","🌐 ブラウザで GitHub を開く","🌐 在浏览器中打开 GitHub","🌐 在瀏覽器開啟 GitHub","🌐 Открыть GitHub в браузере","🌐 Abrir GitHub no navegador","🌐 Abrir GitHub no navegador"
"Setup_SwitchAccount","🔄 Login with a different account","🔄 別のアカウントでログイン","🔄 用其他账户登录","🔄 用其他帳戶登入","🔄 Войти с другим аккаунтом","🔄 Entrar com outra conta","🔄 Entrar com outra conta"

"# 設定ページ"
"Settings_Title","Settings","設定","设置","設置","Настройки","Configurações","Configurações"
"Settings_UnsavedTitle","Unsaved Changes","未保存の変更があります","有未保存的更改","有未儲存的變更","Несохранённые изменения","Alterações não salvas","Alterações não salvas"
"Settings_UnsavedMessage","Save settings before leaving?","ページを離れる前に設定を保存しますか？","离开前保存设置？","離開前儲存設定？","Сохранить настройки перед выходом?","Salvar configurações antes de sair?","Salvar configurações antes de sair?"
"Settings_SaveAndMove","Save and continue","保存して移動","保存并继续","儲存並繼續","Сохранить и продолжить","Salvar e continuar","Salvar e continuar"
"Settings_GameFolder","Game Folder","ゲームフォルダ","游戏文件夹","遊戲資料夾","Папка игры","Pasta do jogo","Pasta do jogo"
"Settings_GameFolderDesc","Register the folder where Among Us is installed. You can register multiple platforms.","AmongUsが入っているフォルダを登録してください。複数のプラットフォームを登録できます。","请注册Among Us所在的文件夹。可以注册多个平台。","請登錄 Among Us 所在的資料夾。可以登錄多個平台。","Укажите папку с Among Us. Можно добавить несколько платформ.","Registre a pasta onde Among Us está instalado.","Registre a pasta onde Among Us está instalado."
"Settings_SelectedCount","selected","個選択中","已选","已選","выбрано","selecionados","selecionados"
"Settings_BulkChange","Bulk change:","一括変更:","批量更改:","批次變更:","Массовое изменение:","Alterar em massa:","Alterar em massa:"
"Settings_SelectPlatform","Select platform","プラットフォーム選択","选择平台","選擇平台","Выбрать платформу","Selecionar plataforma","Selecionar plataforma"
"Settings_Manual","Manual","手動指定","手动","手動","Вручную","Manual","Manual"
"Settings_Delete","Delete","削除","删除","刪除","Удалить","Excluir","Excluir"
"Settings_Add","Add","追加","添加","新增","Добавить","Adicionar","Adicionar"
"Settings_AutoDetect","Auto-detect Among Us","Among Usを自動検出する","自动检测Among Us","自動偵測 Among Us","Автоопределение Among Us","Detectar automaticamente","Detectar automaticamente"
"Settings_AutoDetectDesc","If not specified, all drives will be scanned.","指定がない場合はすべてのドライブをスキャンします","如果未指定，将扫描所有驱动器","若未指定，將掃描所有磁碟機","Если не указано, будут сканированы все диски.","Se não especificado, todos os discos serão verificados.","Se não especificado, todos os discos."
"Settings_SelectScanFolder","Select scan folder (optional)","スキャンするフォルダを選択（省略可）","选择扫描文件夹（可选）","選擇掃描資料夾（可省略）","Выбрать папку для сканирования (необяз.)","Selecionar pasta para verificar (opcional)","Selecionar pasta (opcional)"
"Settings_SelectLocation","Select location","場所を選択","选择位置","選擇位置","Выбрать расположение","Selecionar local","Selecionar local"
"Settings_StartScan","Start scan","スキャン開始","开始扫描","開始掃描","Начать сканирование","Iniciar verificação","Iniciar verificação"
"Settings_ClearPath","Clear path","パスをクリア","清除路径","清除路徑","Очистить путь","Limpar caminho","Limpar caminho"
"Settings_AddAll","Add all","すべて追加","全部添加","全部新增","Добавить все","Adicionar todos","Adicionar todos"
"Settings_MainPlatform","Main Platform","メインプラットフォーム","主要平台","主要平台","Основная платформа","Plataforma principal","Plataforma principal"
"Settings_MainPlatformDesc","Select the platform where you purchased and play the game.","購入・プレイしているプラットフォームを選択してください。起動方法やフォルダ検出に使用されます。","选择您购买并游玩的平台。","選擇您購買並遊玩的平台。","Выберите платформу, на которой вы играете.","Selecione a plataforma onde você joga.","Selecione a plataforma."
"Settings_CurrentMainPlatform","Current main platform","現在のメインプラットフォーム","当前主要平台","目前主要平台","Текущая основная платформа","Plataforma principal atual","Plataforma principal atual"
"Settings_ModFolder","Mod Install Folder","Modインストール先フォルダ","Mod安装文件夹","Mod 安裝資料夾","Папка установки модов","Pasta de instalação do Mod","Pasta de instalação do Mod"
"Settings_ModFolderDesc","Change the destination folder for mods. Usually the same as the game folder.","Modのコピー先フォルダを変更できます。通常はゲームフォルダと同じです。","可以更改Mod的目标文件夹。通常与游戏文件夹相同。","可以變更 Mod 的目標資料夾。通常與遊戲資料夾相同。","Можно изменить папку для модов. Обычно совпадает с папкой игры.","Pode mudar a pasta de destino dos Mods.","Pode mudar a pasta de destino."
"Settings_Change","Change","変更","更改","變更","Изменить","Alterar","Alterar"
"Settings_LaunchResidency","Launch & Residency","起動・常駐設定","启动与驻留设置","啟動與常駐設定","Запуск и резидентность","Inicialização e residência","Inicialização e residência"
"Settings_StartWithWindows","Launch automatically on Windows startup","Windows起動時に自動で起動する","Windows启动时自动启动","Windows 啟動時自動啟動","Автозапуск при старте Windows","Iniciar automaticamente com o Windows","Iniciar com o Windows"
"Settings_StartMinimized","Start in background (tray) on launch","起動時にバックグラウンド（トレイ）で起動する","启动时在后台（托盘）运行","啟動時在背景（系統匣）執行","Запускать в фоне (трей) при старте","Iniciar em segundo plano ao iniciar","Iniciar em segundo plano"
"Settings_MinimizeToTray","Minimize to tray on close instead of exiting","閉じるボタンでウィンドウを閉じずにトレイに格納する","关闭按钮将窗口最小化到托盘","關閉按鈕將視窗最小化至系統匣","Сворачивать в трей при закрытии","Minimizar para bandeja ao fechar","Minimizar para bandeja"
"Settings_TrayHint","Right-click the tray icon to show the menu. Select \"Exit\" to fully close the app.","トレイアイコンを右クリックすることでメニューが表示されます。「終了」を選択するとアプリを完全に終了します。","右键单击托盘图标显示菜单。选择"退出"完全关闭应用。","右鍵點擊系統匣圖示顯示選單。選擇「結束」完全關閉應用程式。","Щёлкните правой кнопкой по значку в трее для меню.","Clique com o botão direito no ícone da bandeja.","Clique com o botão direito no ícone."
"Settings_AlwaysAdmin","Always launch as administrator","常に管理者として起動する","始终以管理员身份启动","始終以系統管理員身分啟動","Всегда запускать от имени администратора","Sempre executar como administrador","Sempre executar como administrador"
"Settings_AlwaysAdminHint","When enabled, the app will always request administrator privileges on startup. Required for mod installs to Program Files.","有効にすると、起動時に常に管理者権限を要求します。Program Files へのModインストールに必要です。","启用后，每次启动时都会请求管理员权限。安装Mod到Program Files时需要。","啟用後，每次啟動時都會要求系統管理員權限。安裝 Mod 至 Program Files 時需要。","При включении при каждом запуске запрашиваются права администратора.","Quando ativado, solicita privilégios de administrador na inicialização.","Solicita privilégios de administrador na inicialização."
"Settings_Log","Log Settings","ログ設定","日志设置","日誌設定","Настройки журнала","Configurações de log","Configurações de log"
"Settings_LogDesc","LogOutput_*.log is output to the same folder as the settings file.","LogOutput_*.log は設定ファイルと同じフォルダに出力されます","LogOutput_*.log 输出到与设置文件相同的文件夹","LogOutput_*.log 輸出至與設定檔相同的資料夾","LogOutput_*.log выводится в ту же папку, что и файл настроек.","LogOutput_*.log é gerado na mesma pasta do arquivo de configurações.","LogOutput_*.log é gerado na mesma pasta."
"Settings_LogMode","Log mode","ログモード","日志模式","日誌模式","Режим журнала","Modo de log","Modo de log"
"Settings_LogOverwrite","Overwrite on each launch (single LogOutput.log)","起動ごとに上書き（LogOutput.log 1ファイル）","每次启动覆盖（单个文件）","每次啟動覆蓋（單一檔案）","Перезаписывать при каждом запуске","Sobrescrever a cada inicialização","Sobrescrever a cada inicialização"
"Settings_LogNewFile","Create a new file on each launch (max 10 kept)","起動ごとに新しいファイルを作成（最大10件保持）","每次启动创建新文件（最多保留10个）","每次啟動建立新檔案（最多保留 10 個）","Создавать новый файл при каждом запуске (до 10)","Criar novo arquivo a cada inicialização (máx. 10)","Criar novo arquivo (máx. 10)"
"Settings_Notification","Notifications","通知設定","通知设置","通知設定","Настройки уведомлений","Configurações de notificação","Configurações de notificação"
"Settings_NotificationDesc","Notify via Windows toast notifications (pop-up in the lower right).","Windowsのトースト通知（右下ポップアップ）で通知します。","通过Windows Toast通知进行通知。","透過 Windows Toast 通知進行通知。","Уведомления через Toast Windows.","Notifica via notificações toast do Windows.","Notifica via notificações toast."
"Settings_NotifyModUpdate","Notify when a mod update is available","Modの更新があったとき通知する","有Mod更新时通知","有 Mod 更新時通知","Уведомлять об обновлении модов","Notificar atualização de mod","Notificar atualização de mod"
"Settings_NotifyAppUpdate","Notify when an app update is available","アプリ本体の更新があったとき通知する","有应用更新时通知","有應用程式更新時通知","Уведомлять об обновлении приложения","Notificar atualização do app","Notificar atualização do app"
"Settings_NotifyNews","Notify when there is new news","新しいお知らせがあったとき通知する","有新公告时通知","有新消息時通知","Уведомлять о новостях","Notificar novas notícias","Notificar novas notícias"
"Settings_Appearance","Appearance","外観","外观","外觀","Внешний вид","Aparência","Aparência"
"Settings_Theme","Theme","テーマ","主题","主題","Тема","Tema","Tema"
"Settings_ThemeDefault","Follow system settings","システム設定に合わせる","跟随系统设置","跟隨系統設定","Следовать системным настройкам","Seguir configurações do sistema","Seguir configurações do sistema"
"Settings_ThemeDark","Dark mode","ダークモード","深色模式","深色模式","Тёмный режим","Modo escuro","Modo escuro"
"Settings_ThemeLight","Light mode","ライトモード","浅色模式","淺色模式","Светлый режим","Modo claro","Modo claro"
"Settings_Language","Language / 言語","Language / 言語","语言","語言","Язык","Idioma","Idioma"
"Settings_Save","💾 Save","💾 保存","💾 保存","💾 儲存","💾 Сохранить","💾 Salvar","💾 Salvar"
"Settings_Saved","✅ Settings saved!","✅ 設定を保存しました！","✅ 设置已保存！","✅ 設定已儲存！","✅ Настройки сохранены!","✅ Configurações salvas!","✅ Configurações salvas!"
"Settings_EpicSettings","Epic Games Settings","Epic Games 設定","Epic Games 设置","Epic Games 設定","Настройки Epic Games","Configurações Epic Games","Configurações Epic Games"
"Settings_CurrentPlatform","Current platform:","現在のプラットフォーム:","当前平台:","目前平台:","Текущая платформа:","Plataforma atual:","Plataforma atual:"
"Settings_OpenEpicLauncher","🚀 Open Epic Games Launcher","🚀 Epic Games Launcher を開く","🚀 打开 Epic Games Launcher","🚀 開啟 Epic Games Launcher","🚀 Открыть Epic Games Launcher","🚀 Abrir Epic Games Launcher","🚀 Abrir Launcher"
"Settings_RecheckStatus","🔄 Recheck status","🔄 状態を再確認","🔄 重新检查状态","🔄 重新確認狀態","🔄 Перепроверить статус","🔄 Verificar status novamente","🔄 Verificar status"
"Settings_EpicLauncherDesc","Launching via Launcher enables EOS authentication, which is required for online matchmaking and achievements. Turning OFF launches the exe directly (for offline mod play only).","ランチャー経由で起動すると EOS 認証が通り、オンラインマッチメイキングや実績が正常に動作します。OFFにすると直接 exe を起動します（オフライン専用Modプレイ向け）。","通过Launcher启动可启用EOS认证，支持联机。关闭则直接启动exe（仅限离线Mod游玩）。","透過 Launcher 啟動可啟用 EOS 驗證，支援連線功能。關閉則直接啟動 exe（僅限離線 Mod 遊玩）。","Запуск через Launcher включает EOS. Отключение запускает exe напрямую.","Iniciar via Launcher ativa EOS para online. Desligar inicia o exe diretamente.","Iniciar via Launcher ativa EOS."
"Settings_EpicLaunchViaLauncher","Launch Among Us via Launcher (Recommended)","Among Us をランチャー経由で起動する（推奨）","通过Launcher启动Among Us（推荐）","透過 Launcher 啟動 Among Us（推薦）","Запускать Among Us через Launcher (рекомендуется)","Iniciar via Launcher (Recomendado)","Iniciar via Launcher"
"Settings_EpicLaunchViaLauncherDesc","Launching via Launcher enables EOS authentication, online matchmaking, and achievements. Disable to launch the exe directly (for offline mod play).","ランチャー経由で起動すると EOS 認証が通り、オンラインマッチメイキングや実績が正常に動作します。OFFにすると直接 exe を起動します（オフライン専用Modプレイ向け）。","通过Launcher启动可启用EOS认证。关闭则直接启动exe。","透過 Launcher 啟動可啟用 EOS 驗證。關閉則直接啟動 exe。","Запуск через Launcher включает аутентификацию EOS. Отключите для прямого запуска exe.","Iniciar via Launcher ativa autenticação EOS. Desative para iniciar o exe diretamente.","Iniciar via Launcher ativa EOS."
"Settings_MultipleFoldersHint","Register multiple folders to switch between them here.","複数のフォルダを登録するとここで切り替えられます。","注册多个文件夹后可在此切换。","登錄多個資料夾後可在此切換。","Зарегистрируйте несколько папок для переключения.","Registre várias pastas para alternar aqui.","Registre várias pastas para alternar."
"Settings_NamePlaceholder","Name","名前","名称","名稱","Название","Nome","Nome"
"Settings_NotSet","Not set","未設定","未设置","未設定","Не задано","Não definido","Não definido"
"Settings_TabGame","Game","ゲーム","游戏","遊戲","Игра","Jogo","Jogo"
"Settings_TabSystem","System","システム","系统","系統","Система","Sistema","Sistema"
"Settings_TabNotif","Notifications","お知らせ","通知","通知","Уведомления","Notificações","Notificações"
"Settings_TabAppearance","Appearance","外観","外观","外觀","Внешний вид","Aparência","Aparência"
"Settings_LangPendingNotice","Language will be applied after pressing Save.","言語は「保存」を押すと反映されます。","语言将在按下「保存」后生效。","語言將在按下「儲存」後生效。","Язык применится после нажатия «Сохранить».","O idioma será aplicado ao pressionar Salvar.","O idioma será aplicado ao salvar."
"Settings_CurrentPlatformBtn","✅ {0} (Current)","✅ {0}（現在）","✅ {0}（当前）","✅ {0}（目前）","✅ {0} (Текущая)","✅ {0} (Atual)","✅ {0} (Atual)"
"Settings_SwitchPlatformBtn","Switch to {0}","{0} に変更","切换到 {0}","切換至 {0}","Переключить на {0}","Mudar para {0}","Mudar para {0}"
"Settings_EpicNoLauncherNeeded","(Epic Games Launcher not required)","（Epic Games Launcher 不要）","（无需 Epic Games Launcher）","（不需要 Epic Games Launcher）","(Epic Games Launcher не требуется)","(Epic Games Launcher não necessário)","(Launcher não necessário)"

"# 共通ボタン・アクション"
"Common_Save","Save","保存","保存","儲存","Сохранить","Salvar","Salvar"
"Common_Cancel","Cancel","キャンセル","取消","取消","Отмена","Cancelar","Cancelar"
"Common_Close","Close","閉じる","关闭","關閉","Закрыть","Fechar","Fechar"
"Common_OK","OK","OK","确定","確定","ОК","OK","OK"
"Common_Delete","Delete","削除","删除","刪除","Удалить","Excluir","Excluir"
"Common_Add","Add","追加","添加","新增","Добавить","Adicionar","Adicionar"
"Common_Edit","Edit","編集","编辑","編輯","Редактировать","Editar","Editar"
"Common_Refresh","Refresh","更新","刷新","重新整理","Обновить","Atualizar","Atualizar"
"Common_Loading","Loading...","読み込み中...","加载中...","載入中...","Загрузка...","Carregando...","Carregando..."
"Common_Error","Error","エラー","错误","錯誤","Ошибка","Erro","Erro"
"Common_Success","Success","成功","成功","成功","Успех","Sucesso","Sucesso"
"Common_Warning","Warning","警告","警告","警告","Предупреждение","Aviso","Aviso"
"Common_Confirm","Confirm","確認","确认","確認","Подтвердить","Confirmar","Confirmar"
"Common_Yes","Yes","はい","是","是","Да","Sim","Sim"
"Common_No","No","いいえ","否","否","Нет","Não","Não"
"Common_Open","Open","開く","打开","開啟","Открыть","Abrir","Abrir"
"Common_Copy","Copy","コピー","复制","複製","Копировать","Copiar","Copiar"

"# ホームページ"
"Home_Title","Home","ホーム","主页","首頁","Главная","Início","Início"
"Home_Launch","🚀 Launch Among Us","🚀 Among Us を起動","🚀 启动 Among Us","🚀 啟動 Among Us","🚀 Запустить Among Us","🚀 Iniciar Among Us","🚀 Iniciar Among Us"
"Home_Launching","Launching...","起動中...","启动中...","啟動中...","Запуск...","Iniciando...","Iniciando..."
"Home_NoGameFolder","Game folder is not set","ゲームフォルダが設定されていません","游戏文件夹未设置","遊戲資料夾未設定","Папка игры не задана","Pasta do jogo não configurada","Pasta não configurada"
"Home_GoToSettings","Go to Settings","設定へ移動","前往设置","前往設定","Перейти в настройки","Ir para Configurações","Ir para Configurações"
"Home_CurrentMod","Current mod:","現在のMod:","当前Mod:","目前 Mod:","Текущий мод:","Mod atual:","Mod atual:"
"Home_NoMod","No mod","Modなし","无Mod","無 Mod","Без мода","Sem mod","Sem mod"
"Home_Version","Version","バージョン","版本","版本","Версия","Versão","Versão"
"Home_RateLimitTitle","GitHub API Rate Limit Reached","GitHub API の制限に達しました（Rate Limit）","已达到 GitHub API 速率限制","已達到 GitHub API 速率限制","Достигнут лимит GitHub API","Limite de taxa da API GitHub atingido","Limite de taxa atingido"
"Home_RateLimitDesc1","Failed to retrieve the latest mod information due to a temporary limit on GitHub requests.","GitHub への問い合わせ回数が一時的な上限に達したため、Mod の最新情報を取得できませんでした。","由于 GitHub 请求达到上限，无法获取最新 Mod 信息。","由於 GitHub 請求達到上限，無法取得最新 Mod 資訊。","Достигнут лимит запросов к GitHub. Информация о модах недоступна.","Limite de solicitações ao GitHub atingido. Informações de mods indisponíveis.","Limite atingido. Informações indisponíveis."
"Home_RateLimitDesc2","Please wait a while (approx. 1 hour) then press Refresh. Signing in with a GitHub account will ease the limit.","しばらく（目安：1時間）待ってから「更新」ボタンを押してください。GitHub アカウントでサインインすると制限が緩和されます。","请等待约1小时后按「刷新」。使用 GitHub 账户登录可缓解限制。","請等待約1小時後按「重新整理」。使用 GitHub 帳戶登入可緩解限制。","Подождите ~1 час и нажмите «Обновить». Войдите в GitHub для смягчения лимита.","Aguarde ~1 hora e pressione Atualizar. Faça login no GitHub para aliviar o limite.","Aguarde e pressione Atualizar."
"Home_LocalInfoBarTitle","New folder found","新しいフォルダが見つかりました","发现新文件夹","發現新資料夾","Найдена новая папка","Nova pasta encontrada","Nova pasta encontrada"
"Home_LocalInfoBarRegister","Register","登録する","注册","註冊","Зарегистрировать","Registrar","Registrar"
"Home_LaunchTitle","Launch Among Us","Among Us を起動","启动 Among Us","啟動 Among Us","Запустить Among Us","Iniciar Among Us","Iniciar Among Us"
"Home_ModSelectorPlaceholder","Select environment to launch...","起動する環境を選択...","选择要启动的环境...","選擇要啟動的環境...","Выберите среду для запуска...","Selecione o ambiente para iniciar...","Selecione o ambiente..."
"Home_OpenFolder","Open folder","フォルダを開く","打开文件夹","開啟資料夾","Открыть папку","Abrir pasta","Abrir pasta"
"Home_LaunchBtn","▶  Launch Game","▶  ゲームを起動","▶  启动游戏","▶  啟動遊戲","▶  Запустить игру","▶  Iniciar jogo","▶  Iniciar jogo"
"Home_ReleaseSectionTitle","Mod Release Info","Mod リリース情報","Mod 发布信息","Mod 發布資訊","Информация о релизах модов","Informações de lançamento de mods","Informações de lançamento"
"Home_AllReleaseSectionTitle","All Mod Releases","全Modリリース一覧","全部 Mod 发布","全部 Mod 發布","Все релизы модов","Todos os lançamentos de mods","Todos os lançamentos"
"Home_ForceRefresh","🔄 Refresh now","🔄 今すぐ更新","🔄 立即更新","🔄 立即更新","🔄 Обновить сейчас","🔄 Atualizar agora","🔄 Atualizar agora"
"Home_ForceRefreshTooltip","Bypass cache and fetch from GitHub API","キャッシュを無視してGitHub APIから再取得","绕过缓存从 GitHub API 获取","略過快取從 GitHub API 取得","Обойти кэш и получить с GitHub","Ignorar cache e buscar do GitHub","Ignorar cache"
"Home_AllForceRefreshTooltip","Bypass cache and fetch latest info from GitHub API","キャッシュを無視してGitHub APIから最新情報を取得","绕过缓存从 GitHub API 获取最新信息","略過快取從 GitHub API 取得最新資訊","Обойти кэш и получить новые данные","Ignorar cache e buscar do GitHub","Ignorar cache"
"Home_Update","Update","更新","更新","更新","Обновить","Atualizar","Atualizar"
"Home_Detail","Details","詳細","详情","詳情","Подробнее","Detalhes","Detalhes"
"Home_ReleaseEmpty","No mods registered. Please install a mod first.","Modが登録されていません。まずModをインストールしてください。","没有注册的 Mod，请先安装。","沒有已登錄的 Mod，請先安裝。","Моды не зарегистрированы. Установите мод.","Nenhum mod registrado. Instale um mod primeiro.","Nenhum mod registrado."
"Home_FilterByMod","Filter by mod","Modで絞り込み","按 Mod 筛选","依 Mod 篩選","Фильтр по моду","Filtrar por mod","Filtrar por mod"
"Home_SortNewest","Newest first","新しい順","最新优先","最新優先","Сначала новые","Mais recentes","Mais recentes"
"Home_SortOldest","Oldest first","古い順","最旧优先","最舊優先","Сначала старые","Mais antigos","Mais antigos"
"Home_SortByName","By mod name","Mod名順","按 Mod 名","依 Mod 名","По имени мода","Por nome","Por nome"
"Home_LatestOnly","Latest only","最新のみ","仅最新","僅最新","Только последние","Somente recentes","Somente recentes"
"Home_FilterByPeriod","Filter by period","期間で絞り込み","按时间段筛选","依時段篩選","Фильтр по периоду","Filtrar por período","Filtrar por período"
"Home_PeriodAll","All","すべて","全部","全部","Все","Todos","Todos"
"Home_PeriodToday","Today","今日","今天","今天","Сегодня","Hoje","Hoje"
"Home_PeriodWeek","Past 7 days","今週（7日以内）","近7天","近7天","За 7 дней","Últimos 7 dias","Últimos 7 dias"
"Home_PeriodMonth","Past 30 days","今月（30日以内）","近30天","近30天","За 30 дней","Últimos 30 dias","Últimos 30 dias"
"Home_Period3Months","Past 3 months","3ヶ月以内","近3个月","近3個月","За 3 месяца","Últimos 3 meses","Últimos 3 meses"
"Home_Period6Months","Past 6 months","半年以内","近6个月","近6個月","За 6 месяцев","Últimos 6 meses","Últimos 6 meses"
"Home_Period1Year","Past 1 year","1年以内","近1年","近1年","За год","Último ano","Último ano"
"Home_PageSizeLabel","Show:","表示件数:","显示:","顯示:","Показывать:","Mostrar:","Mostrar:"
"Home_ItemCount","{0} items","{0}件","{0}件","{0}件","{0} эл.","Mostrar {0}","Mostrar {0}"
"Home_AllReleaseLoading","Loading...","読み込み中...","加载中...","載入中...","Загрузка...","Carregando...","Carregando..."
"Home_TotalCount","Total: {0}","全{0}件","全部：{0}","全部：{0}","Всего: {0}","Total: {0}","Total: {0}"
"Home_TotalCountFiltered","Showing {0} / Total {1}","{1}件中{0}件表示","{1}中显示{0}","顯示{0}/{1}","Показано {0} из {1}","Mostrando {0} de {1}","Mostrando {0} de {1}"
"Home_LastChecked","Last checked: --","最終確認: --","最后检查: --","最後檢查: --","Последняя проверка: --","Última verificação: --","Última verificação: --"
"Home_LastCheckedAt","Last checked: {0}","最終確認: {0}","最后检查: {0}","最後檢查: {0}","Последняя проверка: {0}","Última verificação: {0}","Última verificação: {0}"
"Home_NewsSectionTitle","Announcements","お知らせ","公告","公告","Объявления","Avisos","Avisos"
"Home_NewsSubtitle","App announcements","アプリからのお知らせ","来自应用的公告","來自應用程式的公告","Объявления приложения","Avisos do aplicativo","Avisos do aplicativo"
"Home_MarkAllRead","Mark all as read","すべて既読","全部标为已读","全部標為已讀","Отметить все прочитанными","Marcar tudo como lido","Marcar tudo como lido"
"Home_MarkRead","Mark as read","既読","标为已读","標為已讀","Прочитано","Lido","Lido"
"Home_NewsEmpty","No announcements","お知らせはありません","暂无公告","暫無公告","Нет объявлений","Sem avisos","Sem avisos"
"Home_QuickInstallTitle","Quick Install","クイックインストール","快速安装","快速安裝","Быстрая установка","Instalação rápida","Instalação rápida"
"Home_QuickInstallSubtitle","Quickly install from file, share code, or previous method","ファイル・共有コード・前回の方法から素早くインストール","从文件、共享代码或上次方式快速安装","從檔案、分享代碼或上次方式快速安裝","Быстрая установка из файла, кода или предыдущего способа","Instale rapidamente por arquivo, código ou método anterior","Instalar rapidamente"
"Home_FromFile","From file","ファイルから","从文件","從檔案","Из файла","De arquivo","De arquivo"
"Home_FromCode","From share code","共有コードから","从共享代码","從分享代碼","По коду","Por código","Por código"
"Home_LastMethod","Apply last method","前回の方法を適用","使用上次方法","使用上次方式","Применить прошлый способ","Usar método anterior","Usar método anterior"
"Home_UpdateDialogTitle","Updating","アップデート中","更新中","更新中","Обновление","Atualizando","Atualizando"
"Home_UpdatingMod","Updating {0}...","「{0}」をアップデート中","正在更新 {0}","正在更新 {0}","Обновление {0}...","Atualizando {0}...","Atualizando {0}..."
"Home_UpdateReady","Preparing...","準備中...","准备中...","準備中...","Подготовка...","Preparando...","Preparando..."
"Home_UpdateDone","Done!","完了しました！","完成！","完成！","Готово!","Concluído!","Concluído!"
"Home_ShareCodeDialogTitle","Install from Share Code","共有コードからインストール","从共享代码安装","從分享代碼安裝","Установка по коду","Instalar por código","Instalar por código"
"Home_ShareCodeDesc","Enter the share code.","共有コードを入力してください。","请输入共享代码。","請輸入分享代碼。","Введите код.","Digite o código.","Digite o código."
"Home_ShareCodeHeader","Share code","共有コード","共享代码","分享代碼","Код","Código","Código"
"Home_ShareCodePlaceholder","e.g. AUMM-XXXXXXXX","例: AUMM-XXXXXXXX","例如: AUMM-XXXXXXXX","例如: AUMM-XXXXXXXX","Пример: AUMM-XXXXXXXX","Ex: AUMM-XXXXXXXX","Ex: AUMM-XXXXXXXX"
"Home_AppUpdateTitle","Update available 🎉","アップデートがあります 🎉","有可用更新 🎉","有可用更新 🎉","Доступно обновление 🎉","Atualização disponível 🎉","Atualização disponível 🎉"
"Home_AppUpdateDownload","Download now","今すぐダウンロード","立即下载","立即下載","Скачать сейчас","Baixar agora","Baixar agora"
"Home_AppUpdateSkip","Don't show again","今後表示しない","不再显示","不再顯示","Больше не показывать","Não mostrar novamente","Não mostrar"
"Home_AppUpdateLater","Later","後で","稍后","稍後","Позже","Depois","Depois"
"Home_AppUpdateChangelog","Changelog","変更点","更新内容","更新內容","Список изменений","Changelog","Changelog"
"Home_AppUpdateChangelogMsg","Please check the GitHub release notes.","GitHubのリリースノートをご確認ください。","请查阅 GitHub 发布说明。","請查閱 GitHub 發布說明。","Смотрите заметки о релизе на GitHub.","Veja as notas de lançamento no GitHub.","Veja as notas no GitHub."
"Home_DetailUpdate","Update","更新する","更新","更新","Обновить","Atualizar","Atualizar"
"Home_DetailFileDL","Download file","ファイルをDL","下载文件","下載檔案","Скачать файл","Baixar arquivo","Baixar arquivo"
"Home_DetailInstall","Install","インストール","安装","安裝","Установить","Instalar","Instalar"
"Home_LaunchUpdateTitle","Update available","更新が利用可能です","有可用更新","有可用更新","Доступно обновление","Atualização disponível","Atualização disponível"
"Home_LaunchUpdateContent","A new version ({1}) of {0} is available. The mod may not work correctly. Update before launching?","{0} の新しいバージョン ({1}) が利用可能です。現在のバージョンでは Mod が正常に動作しない可能性があります。起動前に更新しますか？","新版本 ({1}) 可用于 {0}。当前版本 Mod 可能无法正常运行。是否先更新？","新版本 ({1}) 適用於 {0}。目前版本 Mod 可能無法正常執行。啟動前更新？","Версия {1} для {0}. Мод может не работать. Обновить перед запуском?","Versão {1} de {0} disponível. Mod pode não funcionar. Atualizar antes?","Versão {1} de {0}. Atualizar antes?"
"Home_LaunchAnyway","Launch anyway","このまま起動","直接启动","直接啟動","Запустить всё равно","Iniciar mesmo assim","Iniciar mesmo assim"

"# ライブラリページ"
"Library_Title","Library","ライブラリ","库","庫","Библиотека","Biblioteca","Biblioteca"
"Library_Install","Install","インストール","安装","安裝","Установить","Instalar","Instalar"
"Library_Uninstall","Uninstall","アンインストール","卸载","解除安裝","Удалить","Desinstalar","Desinstalar"
"Library_Update","Update","アップデート","更新","更新","Обновить","Atualizar","Atualizar"
"Library_Installed","Installed","インストール済み","已安装","已安裝","Установлено","Instalado","Instalado"
"Library_NotInstalled","Not installed","未インストール","未安装","未安裝","Не установлено","Não instalado","Não instalado"
"Library_Search","Search mods...","Modを検索...","搜索Mod...","搜尋 Mod...","Поиск модов...","Pesquisar mods...","Pesquisar mods..."
"Library_NoResults","No mods found","Modが見つかりません","未找到Mod","找不到 Mod","Моды не найдены","Nenhum mod encontrado","Nenhum mod encontrado"
"Library_LatestVersion","Latest version","最新バージョン","最新版本","最新版本","Последняя версия","Versão mais recente","Versão mais recente"
"Library_CurrentVersion","Current version","現在のバージョン","当前版本","目前版本","Текущая версия","Versão atual","Versão atual"
"Library_VersionIssueTitle","Version mismatch detected","バージョン不一致のModがあります","检测到版本不匹配","偵測到版本不符","Обнаружено несоответствие версий","Incompatibilidade de versão detectada","Incompatibilidade detectada"
"Library_VersionIssueMsg","Some mods have a different version than the latest GitHub release.","GitHubの最新タグとインストール済みバージョンが異なるModがあります。","部分Mod版本与GitHub最新版本不同。","部分Mod版本與GitHub最新版本不符。","У некоторых модов версия отличается от последнего релиза.","Alguns mods têm versão diferente do último release.","Alguns mods têm versão diferente."
"Library_VersionIssueBtn","Review and resolve","確認して解決する","查看并解决","查看並解決","Просмотреть и устранить","Revisar e resolver","Revisar e resolver"
"Library_Subtitle","Drag to reorder","ドラッグで並び替えが可能です","拖动可重新排序","拖動可重新排序","Перетащите для изменения порядка","Arraste para reordenar","Arraste para reordenar"
"Library_GridViewTooltip","Grid view","グリッド表示","网格视图","格狀檢視","Сеточный вид","Visualização em grade","Visualização em grade"
"Library_ListViewTooltip","List view","リスト表示","列表视图","清單檢視","Список","Visualização em lista","Visualização em lista"
"Library_GitHubBadge","GitHub","GitHub連携","GitHub连接","GitHub連結","GitHub","GitHub","GitHub"
"Library_AutoUpdateBadge","Auto-update ON","自動更新ON","自动更新ON","自動更新ON","Авто-обновление","Atualização auto","Atualização auto"
"Library_OpenFolderBtn","Folder","フォルダ","文件夹","資料夾","Папка","Pasta","Pasta"
"Library_LaunchBtn","▶ Launch","▶ 起動","▶ 启动","▶ 啟動","▶ Запуск","▶ Jogar","▶ Jogar"
"Library_Rename","Rename","名前変更","重命名","重新命名","Переименовать","Renomear","Renomear"
"Library_GitHubLink","Link to GitHub","GitHub連携","链接到GitHub","連結到GitHub","Привязать GitHub","Vincular ao GitHub","Vincular ao GitHub"
"Library_GitHubUnlink","Unlink GitHub","GitHub連携を解除","解除GitHub链接","解除GitHub連結","Отвязать GitHub","Desvincular GitHub","Desvincular GitHub"
"Library_UpdateNow","Update now","今すぐアップデート","立即更新","立即更新","Обновить сейчас","Atualizar agora","Atualizar agora"
"Library_AutoUpdateToggle","Auto-update","自動アップデート","自动更新","自動更新","Автообновление","Atualização automática","Atualização automática"
"Library_VersionChange","Change version setting","バージョン設定を変更","更改版本设置","更改版本設定","Изменить версию","Alterar configuração de versão","Alterar versão"
"Library_GenerateShareCode","Generate share code","共有コードを生成","生成共享代码","產生分享代碼","Создать код обмена","Gerar código de compartilhamento","Gerar código"
"Library_DeleteMod","Delete","削除","删除","刪除","Удалить","Excluir","Excluir"
"Library_UpdateDialogTitle","Updating","アップデート中","更新中","更新中","Обновление","Atualizando","Atualizando"

"# バージョンページ"
"Version_Title","Version Management","バージョン管理","版本管理","版本管理","Управление версиями","Gerenciamento de versões","Gerenciamento de versões"
"Version_Subtitle","Switch the app to a previous version.","過去のバージョンに切り替えることができます。","可以切换到旧版本。","可以切換至舊版本。","Переключитесь на предыдущую версию.","Alterne para uma versão anterior.","Alterne para versão anterior."
"Version_ReleaseNotesBtn","Release Notes","リリースノート","发行说明","發行說明","Заметки о выпуске","Notas de versão","Notas de versão"
"Version_ApplyBtn","Apply this version","このバージョンを適用","应用此版本","套用此版本","Применить эту версию","Aplicar esta versão","Aplicar esta versão"
"Version_NoNotes","No release notes available.","リリースノートはありません。","暂无发行说明。","暫無發行說明。","Заметки о выпуске отсутствуют.","Nenhuma nota de versão disponível.","Sem notas de versão."
"Version_ReleaseNotesTitle","{0} Release Notes","{0} リリースノート","{0} 发行说明","{0} 發行說明","{0} — Заметки о выпуске","{0} Notas de versão","{0} Notas de versão"
"Version_OpenGitHub","Open on GitHub","GitHubで開く","在GitHub上打开","在 GitHub 上開啟","Открыть на GitHub","Abrir no GitHub","Abrir no GitHub"
"Version_ApplyTitle","Apply version","バージョンの適用","应用版本","套用版本","Применить версию","Aplicar versão","Aplicar versão"
"Version_ApplyContent","Download and apply {0}. The app will restart after completion. Proceed?","{0} をダウンロードして適用します。完了後にアプリは再起動します。よろしいですか？","下载并应用 {0}。完成后应用程序将重新启动。是否继续？","下載並套用 {0}。完成後應用程式將重新啟動。確定繼續？","Скачать и применить {0}. После завершения приложение перезапустится. Продолжить?","Baixar e aplicar {0}. O aplicativo será reiniciado após a conclusão. Continuar?","Baixar e aplicar {0}. Reiniciará após concluir."

"# 統計ページ"
"Stats_Title","Stats","成績","统计","統計","Статистика","Estatísticas","Estatísticas"
"Stats_TotalGames","Total games","総ゲーム数","总游戏数","總遊戲場次","Всего игр","Total de partidas","Total de partidas"
"Stats_WinRate","Win rate","勝率","胜率","勝率","Процент побед","Taxa de vitórias","Taxa de vitórias"
"Stats_NoData","No data yet","データなし","暂无数据","尚無資料","Данных пока нет","Sem dados ainda","Sem dados ainda"
"Stats_Subtitle","Launch history · Play stats · Achievements","起動履歴・プレイ統計・アプリ実績","启动历史 · 游戏统计 · 成就","啟動記錄 · 遊玩統計 · 成就","История запуска · Статистика · Достижения","Histórico · Estatísticas · Conquistas","Histórico · Estatísticas · Conquistas"
"Stats_LaunchSection","Launch Statistics","起動統計","启动统计","啟動統計","Статистика запуска","Estatísticas de inicialização","Estatísticas de inicialização"
"Stats_TotalLaunch","Total launches","総起動回数","总启动次数","總啟動次數","Всего запусков","Total de inicializações","Total de inicializações"
"Stats_MonthlyLaunch","This month","今月の起動","本月启动","本月啟動","В этом месяце","Este mês","Este mês"
"Stats_RegisteredMods","Registered mods","登録Mod数","注册Mod数","已登錄 Mod 數","Зарегистрировано модов","Mods registrados","Mods registrados"
"Stats_LastLaunch","Last launched","最終起動","最后启动","最後啟動","Последний запуск","Último lançamento","Último lançamento"
"Stats_HistorySection","Launch History","起動履歴","启动历史","啟動記錄","История запуска","Histórico de inicialização","Histórico de inicialização"
"Stats_HistoryDesc","Recent launch log","最近の起動ログ","最近的启动日志","最近的啟動記錄","Недавние запуски","Log de inicialização recente","Log de inicialização recente"
"Stats_ClearHistory","Clear history","履歴をクリア","清除历史","清除記錄","Очистить историю","Limpar histórico","Limpar histórico"
"Stats_HistoryEmpty","No launch history","起動履歴がありません","无启动历史","無啟動記錄","История запуска пуста","Sem histórico de inicialização","Sem histórico"
"Stats_AchievementsSection","Achievements","実績","成就","成就","Достижения","Conquistas","Conquistas"
"Stats_AchievementsPending","Achievements are currently under development.\nWill be added in a future update.","実績機能は現在開発中です。\n今後のアップデートで追加予定です。","成就功能正在开发中。\n将在后续更新中添加。","成就功能正在開發中。\n將於後續更新中新增。","Система достижений в разработке.\nПоявится в будущих обновлениях.","Conquistas em desenvolvimento.\nSerão adicionadas em atualização futura.","Conquistas em desenvolvimento."
"Stats_ClearConfirmTitle","Clear history","履歴のクリア","清除历史","清除記錄","Очистить историю","Limpar histórico","Limpar histórico"
"Stats_ClearConfirmContent","Delete all launch history?","起動履歴をすべて削除しますか？","删除所有启动历史？","刪除所有啟動記錄？","Удалить всю историю запуска?","Excluir todo o histórico de inicialização?","Excluir todo o histórico?"

"# フレンドページ"
"Friend_Title","Friends","フレンド","好友","朋友","Друзья","Amigos","Amigos"
"Friend_AddFriend","Add friend","フレンドを追加","添加好友","新增朋友","Добавить друга","Adicionar amigo","Adicionar amigo"
"Friend_Name","Name","名前","名称","名稱","Имя","Nome","Nome"
"Friend_Code","Friend code","フレンドコード","好友代码","朋友代碼","Код друга","Código de amigo","Código de amigo"
"Friend_Memo","Memo","メモ","备注","備注","Заметка","Nota","Nota"

"# スクリーンショットページ"
"Screenshot_Title","Screenshots","スクリーンショット","截图","截圖","Скриншоты","Capturas de tela","Capturas de tela"
"Screenshot_SaveFolder","Save folder","保存フォルダ","保存文件夹","儲存資料夾","Папка сохранения","Pasta de salvamento","Pasta de salvamento"
"Screenshot_OpenFolder","Open folder","フォルダを開く","打开文件夹","開啟資料夾","Открыть папку","Abrir pasta","Abrir pasta"

"# ログページ"
"Log_Title","Log","ログ","日志","日誌","Журнал","Log","Log"
"Log_Viewer","Log Viewer","ログビューア","日志查看器","日誌檢視器","Просмотр журнала","Visualizador de log","Visualizador de log"
"Log_Clear","Clear","クリア","清除","清除","Очистить","Limpar","Limpar"
"Log_Copy","Copy all","すべてコピー","复制全部","複製全部","Копировать всё","Copiar tudo","Copiar tudo"

"# お知らせページ"
"Information_Title","Information","お知らせ","信息","資訊","Информация","Informações","Informações"
"Information_NoItems","No announcements","お知らせはありません","暂无信息","目前無資訊","Объявлений нет","Sem informações","Sem informações"

"# 通知ページ"
"Notification_Title","Notifications","通知","通知","通知","Уведомления","Notificações","Notificações"
"Notification_MarkAllRead","Mark all as read","すべて既読","全部标为已读","全部標為已讀","Отметить все как прочитанные","Marcar todos como lidos","Marcar todos como lidos"
"Notification_NoItems","No notifications","通知はありません","暂无通知","目前無通知","Уведомлений нет","Sem notificações","Sem notificações"
"Notification_NewsTab","📢 App Announcements","📢 アプリからのお知らせ","📢 来自应用的公告","📢 來自應用程式的公告","📢 Объявления приложения","📢 Avisos do aplicativo","📢 Avisos do aplicativo"
"Notification_AppNotifTab","🔔 In-app Notifications","🔔 アプリ内通知","🔔 应用内通知","🔔 應用程式內通知","🔔 Уведомления в приложении","🔔 Notificações no aplicativo","🔔 Notificações no app"
"Notification_HasImages","📷 Has images","📷 画像あり","📷 含图片","📷 含圖片","📷 Есть изображения","📷 Com imagens","📷 Com imagens"
"Notification_ViewDetail","View details","詳細を見る","查看详情","查看詳情","Подробнее","Ver detalhes","Ver detalhes"
"Notification_MarkRead","Mark as read","既読にする","标为已读","標為已讀","Отметить как прочитанное","Marcar como lido","Marcar como lido"
"Notification_NoNews","No announcements","お知らせはありません","暂无公告","暫無公告","Объявлений нет","Sem avisos","Sem avisos"
"Notification_NoAppNotif","No in-app notifications","アプリ内通知はありません","暂无应用内通知","暫無應用程式內通知","Уведомлений нет","Sem notificações no app","Sem notificações no app"
"Notification_UrgentSection","Important announcements","重要なお知らせ","重要公告","重要公告","Важные объявления","Avisos importantes","Avisos importantes"
"Home_UrgentNewsTitle","Important announcement","重要なお知らせがあります","有重要公告","有重要公告","Важное объявление","Aviso importante","Aviso importante"
"Home_NewsUnreadTitle","{0} unread announcement(s)","未読のお知らせが{0}件あります","{0}条未读公告","{0}則未讀公告","{0} непрочит. объявл.","Há {0} aviso(s) não lido(s)","Há {0} aviso(s) não lido(s)"
"Home_NewsUnreadMessage","Click to view","クリックして確認","点击查看","點擊查看","Нажмите для просмотра","Clique para ver","Clique para ver"
"Home_NewsUnreadBtn","View","お知らせを見る","查看","查看","Посмотреть","Ver","Ver"
"Notification_LoadFailed","Failed to load announcements","お知らせの取得に失敗しました","加载公告失败","載入公告失敗","Не удалось загрузить объявления","Falha ao carregar avisos","Falha ao carregar avisos"
"Notification_SubtitleUnread","{0} announcement(s) · {1} unread","{0} 件のお知らせ・未読 {1} 件","{0} 条公告・未读 {1} 条","{0} 則公告・未讀 {1} 則","{0} объявл., {1} непрочитанных","{0} aviso(s) · {1} não lido(s)","{0} aviso(s) · {1} não lido(s)"
"Notification_SubtitleAllRead","{0} announcement(s) (all read)","{0} 件のお知らせ（すべて既読）","{0} 条公告（全部已读）","{0} 則公告（全部已讀）","{0} объявл. (все прочитаны)","{0} aviso(s) (todos lidos)","{0} aviso(s) (todos lidos)"
"Notification_JustNow","just now","たった今","刚才","剛才","только что","agora","agora"
"Notification_MinutesAgo","{0} min ago","{0} 分前","{0} 分钟前","{0} 分鐘前","{0} мин назад","{0} min atrás","{0} min atrás"
"Notification_HoursAgo","{0} hr ago","{0} 時間前","{0} 小时前","{0} 小時前","{0} ч назад","{0} h atrás","{0} h atrás"
"Notification_DaysAgo","{0} day(s) ago","{0} 日前","{0} 天前","{0} 天前","{0} дн назад","{0} dia(s) atrás","{0} dia(s) atrás"
"Notification_DateFormat","yyyy/MM/dd","yyyy年M月d日","yyyy/MM/dd","yyyy/MM/dd","dd.MM.yyyy","dd/MM/yyyy","dd/MM/yyyy"

"# データ管理"
"DataManagement_Title","Data Management","データ管理","数据管理","資料管理","Управление данными","Gerenciamento de dados","Gerenciamento de dados"

"# アカウントページ"
"Account_Title","Account","アカウント","账户","帳戶","Аккаунт","Conta","Conta"
"Account_Subtitle","Connect your accounts to use GitHub API, Steam, and Epic features.","アカウントを連携して GitHub API・Steam・Epic の機能を使用できます。","连接账户以使用 GitHub API、Steam 和 Epic 功能。","連接帳戶以使用 GitHub API、Steam 和 Epic 功能。","Подключите аккаунты для GitHub API, Steam и Epic.","Conecte contas para usar GitHub API, Steam e Epic.","Conecte contas."
"Account_GitHub","GitHub Account","GitHubアカウント","GitHub账户","GitHub 帳戶","Аккаунт GitHub","Conta GitHub","Conta GitHub"
"Account_GitHubDesc","Used for mod update checks. Connecting increases the rate limit from 60 to 5,000 requests/hour.","Modのアップデート確認に使用。接続するとAPI制限が 60回 → 5,000回/時間 に緩和されます。","用于检查Mod更新。连接后API限制从60次提升至5000次/小时。","用於檢查 Mod 更新。連接後 API 限制從 60 次提升至 5,000 次/小時。","Для проверки обновлений. Лимит 60 → 5000/ч.","Para verificar atualizações. Limite 60 → 5.000/hora.","Para verificar atualizações."
"Account_NotConnectedGH","Not connected (rate limit: 60/hour)","未接続（レートリミット：60回/時間）","未连接（速率限制：60次/小时）","未連接（速率限制：60 次/小時）","Не подключено (лимит: 60/ч)","Não conectado (limite: 60/hora)","Não conectado (60/hora)"
"Account_ConnectedGH","Connected: {0} (5,000/hour)","接続済み: {0}（5,000回/時間）","已连接：{0}（5000次/小时）","已連接：{0}（5,000 次/小時）","Подключено: {0} (5000/ч)","Conectado: {0} (5.000/hora)","Conectado: {0} (5.000/hora)"
"Account_StartDeviceFlow","🔑 Login with GitHub","🔑 GitHubでログイン","🔑 使用GitHub登录","🔑 使用 GitHub 登入","🔑 Войти через GitHub","🔑 Login com GitHub","🔑 Login com GitHub"
"Account_CancelFlow","Cancel","キャンセル","取消","取消","Отмена","Cancelar","Cancelar"
"Account_GitHubConnect","Connect","接続","连接","連接","Подключить","Conectar","Conectar"
"Account_GitHubDisconnectBtn","Disconnect","接続を解除","断开连接","解除連接","Отключить","Desconectar","Desconectar"
"Account_GitHubDisconnectMainBtn","Disconnect GitHub","GitHubの接続を解除","断开GitHub","解除 GitHub 連接","Отключить GitHub","Desconectar GitHub","Desconectar GitHub"
"Account_GitHubDisconnectTitle","Disconnect from GitHub","GitHub との接続を切断","断开与GitHub的连接","中斷與 GitHub 的連接","Отключиться от GitHub","Desconectar do GitHub","Desconectar do GitHub"
"Account_GitHubDisconnectContent","Disconnect? The API limit will return to 60/hour.","接続を解除してもよいですか？\nAPI 制限が 60回/時間 に戻ります。","确定断开连接？API限制将恢复为60次/小时。","確定解除連接？API 限制將恢復為 60 次/小時。","Отключиться? Лимит вернётся к 60/ч.","Desconectar? Limite voltará para 60/hora.","Desconectar?"
"Account_GitHubDisconnectPrimary","Disconnect","切断する","断开","中斷","Отключить","Desconectar","Desconectar"
"Account_WaitingAuth","Waiting for authentication...","認証を待っています...","等待身份验证...","等待身份驗證...","Ожидание аутентификации...","Aguardando autenticação...","Aguardando autenticação..."
"Account_Fetching","Fetching...","取得中...","获取中...","取得中...","Получение...","Buscando...","Buscando..."
"Account_Verifying","Verifying...","確認中...","验证中...","驗證中...","Проверка...","Verificando...","Verificando..."
"Account_CopyCode","📋 Copy","📋 コピー","📋 复制","📋 複製","📋 Копировать","📋 Copiar","📋 Copiar"
"Account_CopiedCode","✅ Copied","✅ コピー済み","✅ 已复制","✅ 已複製","✅ Скопировано","✅ Copiado","✅ Copiado"
"Account_Steam","Steam Account","Steamアカウント","Steam账户","Steam 帳戶","Аккаунт Steam","Conta Steam","Conta Steam"
"Account_SteamDesc","Link your Steam account. No API key required — log in via browser.","Steamアカウントと連携します。APIキー不要でブラウザからログインできます。","连接Steam账户。无需API密钥，通过浏览器登录。","連接 Steam 帳戶。無需 API 金鑰，透過瀏覽器登入。","Подключите Steam. Без API-ключа, через браузер.","Vincule Steam. Login via navegador.","Vincule Steam."
"Account_NotConnectedSteam","Not connected","未接続","未连接","未連接","Не подключено","Não conectado","Não conectado"
"Account_ConnectedSteam","Connected: {0}","接続済み: {0}","已连接：{0}","已連接：{0}","Подключено: {0}","Conectado: {0}","Conectado: {0}"
"Account_SteamLoginBtn","🎮 Login with Steam","🎮 Steamでログイン","🎮 使用Steam登录","🎮 使用 Steam 登入","🎮 Войти через Steam","🎮 Login com Steam","🎮 Login com Steam"
"Account_SteamOpeningBrowser","Opening browser...","ブラウザを開いています...","正在打开浏览器...","正在開啟瀏覽器...","Открытие браузера...","Abrindo navegador...","Abrindo navegador..."
"Account_SteamFetchingName","Fetching username...","ユーザー名を取得しています...","正在获取用户名...","正在取得使用者名稱...","Получение имени...","Buscando nome...","Buscando nome..."
"Account_SteamDisconnectBtn","Disconnect","接続を解除する","断开连接","解除連接","Отключить","Desconectar","Desconectar"
"Account_SteamDisconnectTitle","Disconnect from Steam","Steam との接続を解除","断开与Steam的连接","中斷與 Steam 的連接","Отключиться от Steam","Desconectar do Steam","Desconectar do Steam"
"Account_SteamDisconnectContent","Disconnect the Steam account link?","Steam アカウントの連携を解除してもよいですか？","确定解除与Steam账户的连接？","確定解除與 Steam 帳戶的連接？","Отвязать аккаунт Steam?","Desvincular conta Steam?","Desvincular Steam?"
"Account_SteamDisconnectPrimary","Disconnect","解除する","解除","解除","Отвязать","Desvincular","Desvincular"
"Account_EpicDesc","For Epic Games players. Log in to use online features without the launcher.","Epic版プレイヤー向け。ランチャーにログインすると、Epic Games Launcher なしでもオンライン機能が使えます。","Epic版玩家专用。登录后无需Epic启动器即可使用在线功能。","Epic 版玩家專用。登入後無需 Epic 啟動器即可使用線上功能。","Для Epic. Вход без лаунчера для онлайн-функций.","Para jogadores Epic. Login sem o launcher.","Para jogadores Epic."
"Account_EpicNotApplicableTitle","Not available for non-Epic players","Epic版以外では利用できません","非Epic版用户不可用","非 Epic 版玩家無法使用","Недоступно для не-Epic","Indisponível para não-Epic","Indisponível."
"Account_EpicNotApplicableMsg","Switch the main platform to Epic Games to use this feature.","メインプラットフォームを Epic Games に変更するとこの機能が使用できます。","将主平台切换为Epic Games以使用此功能。","將主要平台切換為 Epic Games 以使用此功能。","Переключите платформу на Epic.","Mude a plataforma para Epic Games.","Mude para Epic Games."
"Account_EpicNotLoggedIn","Not logged in","未ログイン","未登录","未登入","Не вошли","Não conectado","Não conectado"
"Account_EpicLoggedIn","Logged in — {0}","ログイン済み — {0}","已登录 — {0}","已登入 — {0}","Вошли — {0}","Conectado — {0}","Conectado — {0}"
"Account_EpicLoginBtn","🎮 Login with Epic","🎮 Epic でログイン","🎮 使用Epic登录","🎮 使用 Epic 登入","🎮 Войти через Epic","🎮 Login com Epic","🎮 Login com Epic"
"Account_EpicLogoutBtn","Logout","ログアウト","退出登录","登出","Выйти","Sair","Sair"
"Account_EpicLogoutTitle","Logout from Epic Games","Epic Games ログアウト","退出Epic Games","登出 Epic Games","Выйти из Epic Games","Sair do Epic Games","Sair do Epic Games"
"Account_EpicLogoutContent","You will need to log in again at next launch.","ログアウトすると、次回起動時に再度ログインが必要になります。","退出后，下次启动时需要重新登录。","登出後，下次啟動時需要重新登入。","После выхода нужно войти снова.","Após sair, precisará logar novamente.","Após sair, precisará logar."
"Account_EpicLogoutPrimary","Logout","ログアウト","退出","登出","Выйти","Sair","Sair"
"Account_ApiRateLimitTitle","GitHub API Rate Limit","GitHub API レートリミット","GitHub API 速率限制","GitHub API 速率限制","Лимит запросов GitHub API","Limite de taxa da API GitHub","Limite da API GitHub"
"Account_ApiRateLimitRemaining","Remaining","残り回数","剩余次数","剩餘次數","Осталось","Restante","Restante"
"Account_ApiRateLimitMax","Maximum","最大回数","最大次数","最大次數","Максимум","Máximo","Máximo"
"Account_CheckRateLimit","Check","確認する","检查","確認","Проверить","Verificar","Verificar"
"Account_RateLimitFetching","Fetching...","取得中...","获取中...","取得中...","Получение...","Buscando...","Buscando..."
"Account_RateLimitError","Error","エラー","错误","錯誤","Ошибка","Erro","Erro"
"Account_RateLimitReset","Reset time: {0}","リセット時刻: {0}","重置时间: {0}","重置時間: {0}","Сброс: {0}","Reset: {0}","Reset: {0}"
"Account_InputError","Input error","入力エラー","输入错误","輸入錯誤","Ошибка ввода","Erro de entrada","Erro de entrada"
"Account_TokenRequired","Please enter your Personal Access Token.","Personal Access Token を入力してください。","请输入Personal Access Token。","請輸入 Personal Access Token。","Введите Personal Access Token.","Digite seu Personal Access Token.","Digite seu PAT."
"Account_ConnectFailed","Connection failed","接続失敗","连接失败","連接失敗","Сбой подключения","Falha na conexão","Falha na conexão"
"Account_LoginFailed","Login failed","ログイン失敗","登录失败","登入失敗","Сбой входа","Falha no login","Falha no login"
"Account_DeviceCodeFailed","Failed to retrieve device code.\nCheck your network connection.","デバイスコードの取得に失敗しました。\nネットワーク接続を確認してください。","获取设备代码失败。\n请检查网络连接。","取得裝置代碼失敗。\n請檢查網路連線。","Не удалось получить код. Проверьте сеть.","Falha ao obter código. Verifique a rede.","Falha ao obter código."
"Account_Login","Login","ログイン","登录","登入","Войти","Entrar","Entrar"
"Account_Logout","Logout","ログアウト","退出登录","登出","Выйти","Sair","Sair"
"Account_LoggedInAs","Logged in as","ログイン中:","已登录为","已登入為","Вы вошли как","Conectado como","Conectado como"
"Account_NotLoggedIn","Not logged in","ログインしていません","未登录","未登入","Не вошли в систему","Não conectado","Não conectado"

"# このアプリについて"
"About_Title","About","このアプリについて","关于","關於","О приложении","Sobre","Sobre"
"About_Version","Version","バージョン","版本","版本","Версия","Versão","Versão"
"About_Description","Among Us Mod Manager","Among Us Mod Manager","Among Us Mod Manager","Among Us Mod Manager","Among Us Mod Manager","Among Us Mod Manager","Among Us Mod Manager"
"About_Website","🌐 Website","🌐 ウェブサイト","🌐 网站","🌐 網站","🌐 Сайт","🌐 Site","🌐 Site"
"About_Changelog","Changelog","更新履歴","更新日志","更新記錄","История изменений","Histórico","Histórico"

"# AIチャットボットページ"
"ChatBot_Title","AI Support","AIサポート","AI支持","AI 支援","ИИ-поддержка","Suporte AI","Suporte AI"
"ChatBot_UnderConstructionDesc","Currently under development.","現在開発中です。","目前正在开发中。","目前正在開發中。","Сейчас в разработке.","Atualmente em desenvolvimento.","Atualmente em desenvolvimento."

"# お問い合わせページ"
"Contact_Title","Contact","お問い合わせ","联系","聯絡","Контакт","Contato","Contato"
"Contact_UnderConstructionDesc","The contact feature is currently under development.\nFor bug reports and questions, please use our Discord server.","お問い合わせ機能は現在開発中です。\nバグ報告・要望・質問は Discord サーバーでお願いします。","联系功能正在开发中。\n请在 Discord 提交反馈。","聯絡功能正在開發中。\n請在 Discord 提交意見。","Функция контакта в разработке.\nСообщайте об ошибках в Discord.","Função de contato em desenvolvimento.\nUse o Discord para feedback.","Função de contato em desenvolvimento."
"Contact_DiscordLabel","Discord Server","Discord サーバー","Discord 服务器","Discord 伺服器","Сервер Discord","Servidor Discord","Servidor Discord"
"Contact_DiscordSubLabel","Bug reports, feature requests, questions","バグ報告・機能要望・質問はこちら","提交错误报告、功能请求、问题","提交錯誤報告、功能請求、問題","Отчёты, запросы, вопросы","Relatórios, pedidos, dúvidas","Relatórios, pedidos, dúvidas"
"Contact_OpenDiscord","Open Discord","Discord を開く","打开 Discord","開啟 Discord","Открыть Discord","Abrir Discord","Abrir Discord"

"# 競合チェックページ"
"ConflictCheck_Title","Conflict Check","競合チェック","冲突检查","衝突檢查","Проверка конфликтов","Verificação de conflitos","Verificação de conflitos"
"ConflictCheck_Subtitle","Detects duplicate DLLs in BepInEx/plugins for each mod folder.","各ModフォルダのBepInEx/pluginsにある重複DLLを検出します。","检测各Mod文件夹中的重复DLL。","偵測各Mod資料夾中的重複DLL。","Обнаруживает дублирующиеся DLL в BepInEx/plugins.","Detecta DLLs duplicadas em BepInEx/plugins.","Detecta DLLs duplicadas."
"ConflictCheck_StartBtn","🔍 Start Check","🔍 チェック開始","🔍 开始检查","🔍 開始檢查","🔍 Начать проверку","🔍 Iniciar verificação","🔍 Iniciar verificação"
"ConflictCheck_EmptyLabel","Press \"Start Check\" to detect conflicts.","「チェック開始」を押すと競合を検出します","按「开始检查」以检测冲突","按「開始檢查」以偵測衝突","Нажмите «Начать проверку» для обнаружения конфликтов.","Pressione \"Iniciar verificação\" para detectar conflitos.","Pressione para detectar conflitos."
"ConflictCheck_Checking","Checking...","チェック中...","检查中...","檢查中...","Проверка...","Verificando...","Verificando..."
"ConflictCheck_NoConflicts","✅ No conflicts found","✅ 競合は見つかりませんでした","✅ 未发现冲突","✅ 未偵測到衝突","✅ Конфликтов не найдено","✅ Nenhum conflito encontrado","✅ Nenhum conflito encontrado"
"ConflictCheck_ConflictsFound","⚠️ {0} conflict(s) found","⚠️ {0} 件の競合が見つかりました","⚠️ 发现 {0} 个冲突","⚠️ 發現 {0} 個衝突","⚠️ Найдено {0} конфликт(ов)","⚠️ {0} conflito(s) encontrado(s)","⚠️ {0} conflito(s) encontrado(s)"

"# ログビューアページ"
"Log_File","File:","ファイル:","文件:","檔案:","Файл:","Arquivo:","Arquivo:"
"Log_Refresh","Refresh","更新","刷新","重新整理","Обновить","Atualizar","Atualizar"
"Log_OpenFolder","Open log folder","ログフォルダを開く","打开日志文件夹","開啟日誌資料夾","Открыть папку журнала","Abrir pasta de log","Abrir pasta de log"
"Log_NoFiles","No log files exist yet.","ログファイルがまだ存在しません。","尚无日志文件。","尚無日誌檔案。","Файлов журнала ещё нет.","Nenhum arquivo de log ainda.","Nenhum arquivo de log ainda."
"Log_NotFound","Log file not found.","ログファイルが見つかりません。","找不到日志文件。","找不到日誌檔案。","Файл журнала не найден.","Arquivo de log não encontrado.","Arquivo de log não encontrado."
"Log_Latest","(Latest)","（最新）","（最新）","（最新）","(Последний)","(Mais recente)","(Mais recente)"
"Log_ClearTitle","Clear Log","ログをクリア","清除日志","清除日誌","Очистить журнал","Limpar log","Limpar log"
"Log_ClearConfirm","Delete the contents of {0}?","{0} の内容を削除しますか？","删除 {0} 的内容？","刪除 {0} 的內容？","Удалить содержимое {0}?","Excluir o conteúdo de {0}?","Excluir o conteúdo de {0}?"

"# 共通 開発中ページ"
"Common_UnderConstruction","🚧  Under Construction","🚧  開発中","🚧  开发中","🚧  開發中","🚧  В разработке","🚧  Em construção","🚧  Em construção"
"Common_UnderConstructionPage","This page is currently under development.","このページは現在開発中です","此页面正在开发中","此頁面正在開發中","Эта страница сейчас в разработке.","Esta página está em desenvolvimento.","Esta página está em desenvolvimento."

"# AboutPage 追加"
"About_VersionLabel","Version:","バージョン:","版本:","版本:","Версия:","Versão:","Versão:"
"About_AppDesc","An app to easily manage and install Among Us mods.","Among Us の Mod を簡単に管理・インストールできるアプリです。","一款轻松管理和安装 Among Us Mod 的应用。","一款輕鬆管理和安裝 Among Us Mod 的應用程式。","Приложение для управления модами Among Us.","Aplicativo para gerenciar e instalar mods do Among Us.","Aplicativo para gerenciar mods."
"About_License","License","ライセンス","许可证","授權","Лицензия","Licença","Licença"
"About_Libraries","Libraries Used","使用しているライブラリ","使用的库","使用的函式庫","Используемые библиотеки","Bibliotecas usadas","Bibliotecas usadas"
"About_Disclaimer","Disclaimer","免責事項","免责声明","免責聲明","Отказ от ответственности","Aviso legal","Aviso legal"
"About_DisclaimerText","This app is an unofficial tool for Among Us and is not affiliated with Innersloth LLC. Please follow the game's terms of service when using mods. The developers are not responsible for any damage caused by the use of this app.","このアプリは Among Us の非公式ツールです。Innersloth LLC とは関係ありません。Mod の使用はゲームの利用規約に従ってください。本アプリの使用によって生じた損害について、開発者は一切の責任を負いません。","本应用是 Among Us 的非官方工具，与 Innersloth LLC 无关。使用 Mod 请遵守游戏服务条款。对因使用本应用造成的损失，开发者概不负责。","本應用程式是 Among Us 的非官方工具，與 Innersloth LLC 無關。使用 Mod 請遵守遊戲服務條款。因使用本應用程式造成的損失，開發者概不負責。","Это неофициальный инструмент для Among Us, не связанный с Innersloth LLC. Используйте моды в соответствии с условиями игры.","Este aplicativo é uma ferramenta não oficial do Among Us e não é afiliado à Innersloth LLC.","Este aplicativo é não oficial do Among Us."

"# エラーメッセージ"
"Error_FileNotFound","File not found","ファイルが見つかりません","文件未找到","找不到檔案","Файл не найден","Arquivo não encontrado","Arquivo não encontrado"
"Error_NetworkError","Network error","ネットワークエラー","网络错误","網路錯誤","Ошибка сети","Erro de rede","Erro de rede"
"Error_Unknown","An unknown error occurred","不明なエラーが発生しました","发生未知错误","發生不明錯誤","Произошла неизвестная ошибка","Ocorreu um erro desconhecido","Ocorreu um erro desconhecido"
