[
  {
    "Title": "Among Us/アモングアスの「MOD」ってなに？使用する際の注意点や導入方法まで解説",
    "Url": "https://note.com/tabasuko_1410/n/n5b7422a1061b"
  },
  {
    "Title": "Among UsのModの手動での入れ方",
    "Url": "https://note.com/tabasuko_1410/n/nc45036ed4122"
  },
  {
    "Title": "Among UsのModの手動での入れ方の動画（YouTube）",
    "Url": "https://www.youtube.com/watch?v=BrgKoz9im6E"
  },
  {
    "Title": "Among Us PC版　トラブルシューティング",
    "Url": "https://note.com/tabasuko_1410/n/n6850483312ff"
  }
]
